{
  "total_files": 44,
  "successful": 44,
  "failed": 0,
  "metrics": {
    "DangEL": {
      "mean": 0.0,
      "min": 0.0,
      "max": 0.0,
      "std": 0.0
    },
    "SIR": {
      "mean": 1.0,
      "min": 1.0,
      "max": 1.0,
      "std": 0.0
    },
    "FluxEE": {
      "mean": 4.206940634067244e-17,
      "min": 0.0,
      "max": 1.5218021031803448e-16,
      "std": 3.7036488878505445e-17
    }
  }
}